Strategy_Type,Annual_Return,high_annual_return,block,T_C
Quantitative,10.607982637119584,1.0,1,treatment
Fundamental,17.022010000999146,1.0,1,treatment
Quantitative,13.53387523184054,1.0,1,treatment
Fundamental,10.676785003000225,1.0,1,treatment
Quantitative,12.906761880524517,1.0,1,treatment
Fundamental,12.877884806831942,1.0,1,treatment
Quantitative,11.1782916865891,1.0,1,treatment
Fundamental,12.010679115212897,1.0,1,treatment
Quantitative,14.599139121305884,1.0,1,treatment
Fundamental,19.16468550886425,1.0,1,treatment
Quantitative,15.28689472426304,1.0,1,treatment
Fundamental,17.40485617222685,1.0,1,treatment
Fundamental,14.07857893879576,1.0,1,treatment
Quantitative,14.053560208248,1.0,1,treatment
Quantitative,13.563097216881763,1.0,1,treatment
Quantitative,10.678301240318527,1.0,1,treatment
Fundamental,14.561246200731986,1.0,1,treatment
Quantitative,16.740609169725182,1.0,1,treatment
Fundamental,14.242720804782667,1.0,1,treatment
Quantitative,15.252897053353667,1.0,1,treatment
Quantitative,11.458991379939578,1.0,1,treatment
Quantitative,11.104444135794122,1.0,1,treatment
Fundamental,11.253819727732022,1.0,1,treatment
Quantitative,11.66152748692224,1.0,1,treatment
Quantitative,13.996103832697978,1.0,1,treatment
Fundamental,14.632173226940605,1.0,1,treatment
Quantitative,11.719609134861187,1.0,1,treatment
Quantitative,15.4887531087991,1.0,1,treatment
Quantitative,16.829689389499308,1.0,1,treatment
Fundamental,11.476499812384542,1.0,1,treatment
Fundamental,13.435430657475973,1.0,1,treatment
Quantitative,16.280596993569606,1.0,1,treatment
Quantitative,15.514070388424528,1.0,1,treatment
Quantitative,11.34614992640529,1.0,1,treatment
Quantitative,14.375629304842562,1.0,1,treatment
Quantitative,13.684523606346064,1.0,1,treatment
Fundamental,13.419928371745865,1.0,1,treatment
Quantitative,15.169840835053996,1.0,1,treatment
Quantitative,10.832872014533418,1.0,1,treatment
Fundamental,18.44164014628996,1.0,1,treatment
Fundamental,10.627202417625496,1.0,1,treatment
Fundamental,15.245832308892632,1.0,1,treatment
Fundamental,11.643286476071516,1.0,1,treatment
Quantitative,16.5119033159718,1.0,1,treatment
Fundamental,16.009521154077405,1.0,1,treatment
Quantitative,13.159142091568407,1.0,1,treatment
Fundamental,14.01712962016432,1.0,1,treatment
Quantitative,11.076164603604695,1.0,1,treatment
Quantitative,10.648824540611628,1.0,1,treatment
Quantitative,13.203523989833135,1.0,1,treatment
Quantitative,13.102249439036726,1.0,1,treatment
Fundamental,15.849328715152474,1.0,1,treatment
Quantitative,12.581011281186502,1.0,1,treatment
Quantitative,16.296129614398364,1.0,1,treatment
Quantitative,13.882262300659889,1.0,1,treatment
Quantitative,16.145516471292666,1.0,1,treatment
Quantitative,11.982573201520712,1.0,1,treatment
Quantitative,11.630864303729666,1.0,1,treatment
Quantitative,12.786932220785086,1.0,1,treatment
Quantitative,12.86536031609574,1.0,1,treatment
Fundamental,21.702862597141312,1.0,1,treatment
Quantitative,10.78106311104029,1.0,1,treatment
Quantitative,12.828246159292942,1.0,1,treatment
Quantitative,11.70609295034962,1.0,1,treatment
Quantitative,14.714453355754824,1.0,1,treatment
Fundamental,11.956867511390474,1.0,1,treatment
Fundamental,13.837974438735817,1.0,1,treatment
Quantitative,14.470484817100644,1.0,1,treatment
Quantitative,13.760920481393391,1.0,1,treatment
Quantitative,13.441328865375535,1.0,1,treatment
Quantitative,14.483833749815629,1.0,1,treatment
Quantitative,13.982056931909243,1.0,1,treatment
Quantitative,14.008595717083338,1.0,1,treatment
Quantitative,11.153202374667998,1.0,1,treatment
Fundamental,14.68026324787742,1.0,1,treatment
Quantitative,14.22599873786132,1.0,1,treatment
Quantitative,15.386749477280176,1.0,1,treatment
Fundamental,10.909161109906949,1.0,1,treatment
Quantitative,14.48165198398364,1.0,1,treatment
Quantitative,13.121413459229853,1.0,1,treatment
Fundamental,12.595384003589002,1.0,1,treatment
Quantitative,11.327405919659595,1.0,1,treatment
Quantitative,13.634045399279984,1.0,1,treatment
Quantitative,13.78047035083463,1.0,1,treatment
Quantitative,11.469286352713212,1.0,1,treatment
Fundamental,14.687533695073885,1.0,1,treatment
Quantitative,11.849654457143297,1.0,1,treatment
Quantitative,11.298681871907698,1.0,1,treatment
Quantitative,12.083344774520686,1.0,1,treatment
Quantitative,18.259456463129823,1.0,1,treatment
Quantitative,10.95780512034061,1.0,1,treatment
Quantitative,18.08562722175832,1.0,1,treatment
Quantitative,13.05158414370216,1.0,1,treatment
Quantitative,13.687998508736657,1.0,1,treatment
Quantitative,10.565532204462396,1.0,1,treatment
Quantitative,15.780308420509598,1.0,1,treatment
Quantitative,11.99887960616171,1.0,1,treatment
Quantitative,17.24152300191799,1.0,1,treatment
Quantitative,11.516472064228385,1.0,1,treatment
Quantitative,11.62129439697023,1.0,1,treatment
Quantitative,13.063893274895015,1.0,1,treatment
Quantitative,21.32572100030007,1.0,1,treatment
Quantitative,16.14339712497899,1.0,1,treatment
Fundamental,13.043190402307689,1.0,1,treatment
Fundamental,10.71238823253942,1.0,1,treatment
Quantitative,10.597379203070812,1.0,1,control
Quantitative,14.395661320263956,1.0,1,control
Quantitative,15.328945132289512,1.0,1,control
Quantitative,15.331529519848974,1.0,1,control
Quantitative,12.04035785253844,1.0,1,control
Quantitative,14.198977085097134,1.0,1,control
Quantitative,10.80317927565032,1.0,1,control
Quantitative,15.227699991425249,1.0,1,control
Quantitative,11.47296078968343,1.0,1,control
Quantitative,11.192828722507464,1.0,1,control
Quantitative,12.668119210866497,1.0,1,control
Quantitative,16.64189878393762,1.0,1,control
Quantitative,12.199036817229144,1.0,1,control
Quantitative,11.25108750153274,1.0,1,control
Quantitative,15.44454903034696,1.0,1,control
Quantitative,20.325544397181467,1.0,1,control
Quantitative,10.755865579561924,1.0,1,control
Quantitative,14.993284322756598,1.0,1,control
Quantitative,16.608498119868457,1.0,1,control
Quantitative,13.53068339808337,1.0,1,control
Quantitative,12.995450119318823,1.0,1,control
Quantitative,11.26268533901746,1.0,1,control
Quantitative,10.559923345296856,1.0,1,control
Quantitative,17.407988560805713,1.0,1,control
Quantitative,17.28621998317483,1.0,1,control
Quantitative,14.871630186280626,1.0,1,control
Quantitative,13.726177046014197,1.0,1,control
Quantitative,16.126064978787458,1.0,1,control
Quantitative,11.199038054533831,1.0,1,control
Quantitative,16.18221350670907,1.0,1,control
Quantitative,11.287009188496,1.0,1,control
Quantitative,13.234927048260776,1.0,1,control
Quantitative,13.957253451294957,1.0,1,control
Quantitative,14.947209678862285,1.0,1,control
Quantitative,11.136998607340802,1.0,1,control
Quantitative,13.350333289372582,1.0,1,control
Quantitative,14.580839054115549,1.0,1,control
Quantitative,14.446414680827685,1.0,1,control
Quantitative,13.671272815108583,1.0,1,control
Quantitative,14.631482122717316,1.0,1,control
Quantitative,14.582240577430753,1.0,1,control
Quantitative,14.05552537875164,1.0,1,control
Quantitative,11.21837866493848,1.0,1,control
Quantitative,11.799453503552666,1.0,1,control
Quantitative,12.87339164721119,1.0,1,control
Quantitative,11.930764168431132,1.0,1,control
Quantitative,10.87669927778588,1.0,1,control
Quantitative,11.284228290843998,1.0,1,control
Quantitative,13.172596171994789,1.0,1,control
Quantitative,11.30546255501386,1.0,1,control
Quantitative,16.132312302547813,1.0,1,control
Quantitative,11.091176525495223,1.0,1,control
Quantitative,16.448592889640302,1.0,1,control
Quantitative,14.157932467967749,1.0,1,control
Quantitative,14.699311694883326,1.0,1,control
Quantitative,15.057706104420353,1.0,1,control
Quantitative,13.60538066404039,1.0,1,control
Quantitative,12.166484847634624,1.0,1,control
Quantitative,13.688384084253771,1.0,1,control
Quantitative,11.485926072514552,1.0,1,control
Quantitative,15.158355772454415,1.0,1,control
Quantitative,13.492896692355636,1.0,1,control
Quantitative,11.53402724524418,1.0,1,control
Quantitative,12.325831202652786,1.0,1,control
Quantitative,15.10189444938856,1.0,1,control
Quantitative,13.443858419110004,1.0,1,control
Quantitative,16.577355079040153,1.0,1,control
Fundamental,11.12809855471972,1.0,1,control
Fundamental,15.145089674840218,1.0,1,control
Fundamental,11.711973300273709,1.0,1,control
Fundamental,13.158182141111848,1.0,1,control
Fundamental,13.65051210385235,1.0,1,control
Fundamental,12.600732197053167,1.0,1,control
Fundamental,12.825166196395408,1.0,1,control
Fundamental,11.692925984926628,1.0,1,control
Fundamental,12.572416303745424,1.0,1,control
Fundamental,11.803115312578964,1.0,1,control
Fundamental,13.515027094723578,1.0,1,control
Fundamental,11.937394031157652,1.0,1,control
Fundamental,18.112111704994422,1.0,1,control
Fundamental,18.721634852817395,1.0,1,control
Fundamental,12.536229545119344,1.0,1,control
Fundamental,16.071779376350257,1.0,1,control
Fundamental,11.059060239230396,1.0,1,control
Fundamental,11.214966475126191,1.0,1,control
Fundamental,14.09980939145146,1.0,1,control
Fundamental,13.02290623573814,1.0,1,control
Fundamental,15.818596315921566,1.0,1,control
Fundamental,11.491466963450655,1.0,1,control
Fundamental,12.350645556029182,1.0,1,control
Fundamental,11.98815096643359,1.0,1,control
Fundamental,12.25377928728388,1.0,1,control
Fundamental,12.85514025863307,1.0,1,control
Fundamental,21.043118533226448,1.0,1,control
Fundamental,15.75079462872614,1.0,1,control
Fundamental,11.819470694946766,1.0,1,control
Fundamental,13.054587691253426,1.0,1,control
Fundamental,11.73215269844782,1.0,1,control
Fundamental,11.36451809021763,1.0,1,control
Fundamental,13.024403174933989,1.0,1,control
Fundamental,11.341648496438562,1.0,1,control
Fundamental,12.133108649838164,1.0,1,control
Fundamental,12.068324793286532,1.0,1,control
Fundamental,12.819068906834822,1.0,1,control
Fundamental,15.527392146148388,1.0,1,control
Fundamental,2.2542823731551875,0.0,2,treatment
Quantitative,10.364524968174464,0.0,2,treatment
Fundamental,-1.0665120418391636,0.0,2,treatment
Quantitative,1.042943301704585,0.0,2,treatment
Fundamental,4.42918651286098,0.0,2,treatment
Fundamental,0.6570576377489452,0.0,2,treatment
Fundamental,-0.9411916470076688,0.0,2,treatment
Quantitative,5.419564707790663,0.0,2,treatment
Fundamental,4.020923597148416,0.0,2,treatment
Quantitative,3.78350880146668,0.0,2,treatment
Quantitative,4.932447193612658,0.0,2,treatment
Quantitative,7.538271425166155,0.0,2,treatment
Quantitative,8.131970971805172,0.0,2,treatment
Quantitative,4.847215581079771,0.0,2,treatment
Fundamental,8.633828867327981,0.0,2,treatment
Quantitative,7.714621598489846,0.0,2,treatment
Quantitative,3.9802128410100743,0.0,2,treatment
Fundamental,5.672998386029133,0.0,2,treatment
Quantitative,8.276124107285495,0.0,2,treatment
Fundamental,4.680616873584365,0.0,2,treatment
Quantitative,6.807643266232957,0.0,2,treatment
Quantitative,8.839473206691794,0.0,2,treatment
Quantitative,9.53487395557952,0.0,2,treatment
Fundamental,2.201122351256409,0.0,2,treatment
Fundamental,8.362471383323845,0.0,2,treatment
Quantitative,5.669477293622519,0.0,2,treatment
Quantitative,2.117212368814137,0.0,2,treatment
Fundamental,4.073412356672392,0.0,2,treatment
Fundamental,-0.3355261553644286,0.0,2,treatment
Fundamental,5.741689648693026,0.0,2,treatment
Quantitative,-1.8493052907734688,0.0,2,treatment
Quantitative,6.737408382951717,0.0,2,treatment
Quantitative,5.543030454216317,0.0,2,treatment
Fundamental,6.415039344697363,0.0,2,treatment
Quantitative,6.830598090368409,0.0,2,treatment
Fundamental,6.775934272017425,0.0,2,treatment
Fundamental,2.943561175757786,0.0,2,treatment
Fundamental,-0.170012137067971,0.0,2,treatment
Fundamental,4.217179325625167,0.0,2,treatment
Fundamental,7.102062686908287,0.0,2,treatment
Fundamental,-1.517071156054442,0.0,2,treatment
Quantitative,2.391041935266053,0.0,2,treatment
Quantitative,5.674120388093183,0.0,2,treatment
Fundamental,2.687319458297174,0.0,2,treatment
Fundamental,-2.122291881969854,0.0,2,treatment
Quantitative,3.2846260247505743,0.0,2,treatment
Fundamental,0.1776255638396007,0.0,2,treatment
Fundamental,1.1350996724281694,0.0,2,treatment
Quantitative,5.558798588693055,0.0,2,treatment
Fundamental,-3.709028459325241,0.0,2,treatment
Quantitative,4.779111086712344,0.0,2,treatment
Fundamental,9.38942422560046,0.0,2,treatment
Quantitative,4.05852690456278,0.0,2,treatment
Quantitative,7.776131339080864,0.0,2,treatment
Fundamental,1.1202867735823236,0.0,2,treatment
Quantitative,8.062248361546052,0.0,2,treatment
Quantitative,6.421458072979042,0.0,2,treatment
Fundamental,6.3237748752852205,0.0,2,treatment
Quantitative,4.603674787822685,0.0,2,treatment
Quantitative,4.655009151450932,0.0,2,treatment
Fundamental,6.745505956689779,0.0,2,treatment
Fundamental,-2.0780474112224425,0.0,2,treatment
Fundamental,0.8138287565309685,0.0,2,treatment
Quantitative,7.459641811859864,0.0,2,treatment
Fundamental,4.495932977544147,0.0,2,treatment
Quantitative,-3.789597670489959,0.0,2,treatment
Quantitative,10.095520537999263,0.0,2,treatment
Fundamental,9.207942657759183,0.0,2,treatment
Fundamental,2.895989218195303,0.0,2,treatment
Fundamental,-2.1919256089497328,0.0,2,treatment
Quantitative,3.841398179586827,0.0,2,treatment
Quantitative,7.963509859514792,0.0,2,treatment
Quantitative,7.442788280324937,0.0,2,treatment
Fundamental,3.920645312267877,0.0,2,treatment
Quantitative,4.55342668216114,0.0,2,treatment
Fundamental,-0.0435469892270665,0.0,2,treatment
Fundamental,5.079094464778152,0.0,2,treatment
Quantitative,3.131373504730078,0.0,2,treatment
Fundamental,2.4350246133153983,0.0,2,treatment
Fundamental,5.727548485561017,0.0,2,treatment
Fundamental,2.1928440020441555,0.0,2,treatment
Quantitative,8.912459554187322,0.0,2,treatment
Fundamental,1.241030819730435,0.0,2,treatment
Fundamental,3.95891948041092,0.0,2,treatment
Quantitative,3.97317446176424,0.0,2,treatment
Fundamental,3.9961576175322793,0.0,2,treatment
Quantitative,9.958622213870155,0.0,2,treatment
Quantitative,3.856571684337112,0.0,2,treatment
Quantitative,7.3770859620330045,0.0,2,treatment
Quantitative,10.268174485775395,0.0,2,treatment
Fundamental,3.8810447665511183,0.0,2,treatment
Fundamental,-3.781311457567332,0.0,2,treatment
Quantitative,-3.379700185894785,0.0,2,treatment
Quantitative,6.3517572704712455,0.0,2,treatment
Quantitative,8.528940457221447,0.0,2,treatment
Fundamental,9.25348461144694,0.0,2,treatment
Quantitative,8.982977591466645,0.0,2,treatment
Fundamental,-4.098297925449026,0.0,2,treatment
Fundamental,-0.286932117160168,0.0,2,treatment
Quantitative,9.143617286854976,0.0,2,treatment
Quantitative,6.253534229041481,0.0,2,treatment
Fundamental,9.872145808164458,0.0,2,treatment
Fundamental,9.068933395692826,0.0,2,treatment
Fundamental,0.8615521980530811,0.0,2,treatment
Fundamental,4.315674354814832,0.0,2,treatment
Quantitative,10.534111432082964,0.0,2,treatment
Quantitative,10.307517918082253,0.0,2,treatment
Quantitative,7.865469793330503,0.0,2,treatment
Quantitative,4.909695638465871,0.0,2,treatment
Fundamental,7.388277904584612,0.0,2,treatment
Quantitative,3.536245121933712,0.0,2,treatment
Fundamental,8.124358107590812,0.0,2,treatment
Quantitative,1.8615439116525805,0.0,2,treatment
Fundamental,9.697784555129337,0.0,2,treatment
Fundamental,6.062617470639559,0.0,2,treatment
Quantitative,6.350685432967052,0.0,2,treatment
Fundamental,2.886945523838116,0.0,2,treatment
Fundamental,4.972610599226655,0.0,2,treatment
Fundamental,6.436070611514738,0.0,2,treatment
Quantitative,3.7266968762795054,0.0,2,treatment
Quantitative,-1.1092041446882843,0.0,2,treatment
Fundamental,5.218479890682433,0.0,2,treatment
Fundamental,1.834185041331498,0.0,2,treatment
Quantitative,3.4068906372624177,0.0,2,treatment
Fundamental,9.849623425710808,0.0,2,treatment
Fundamental,5.073362451312242,0.0,2,treatment
Fundamental,1.5224683063682898,0.0,2,treatment
Quantitative,5.90536637231113,0.0,2,treatment
Quantitative,0.9210827276209486,0.0,2,treatment
Quantitative,3.682889225048053,0.0,2,treatment
Fundamental,3.446256098425029,0.0,2,treatment
Quantitative,10.41103229735806,0.0,2,treatment
Quantitative,8.023381671535056,0.0,2,treatment
Fundamental,3.770714070170442,0.0,2,treatment
Fundamental,4.311291914138471,0.0,2,treatment
Fundamental,6.9441326359875175,0.0,2,treatment
Fundamental,3.097303484968509,0.0,2,treatment
Fundamental,-0.8003055492752704,0.0,2,treatment
Fundamental,10.376940629028638,0.0,2,treatment
Fundamental,2.522948542697004,0.0,2,treatment
Fundamental,9.504024201259522,0.0,2,treatment
Fundamental,2.737521178535097,0.0,2,treatment
Quantitative,5.262212357471865,0.0,2,treatment
Quantitative,-1.155457139227947,0.0,2,treatment
Fundamental,8.79353356991249,0.0,2,treatment
Quantitative,10.22250711732914,0.0,2,treatment
Quantitative,6.837111416971842,0.0,2,treatment
Fundamental,-0.5018855458665614,0.0,2,treatment
Fundamental,6.36379588836965,0.0,2,treatment
Fundamental,-2.860525873866175,0.0,2,treatment
Fundamental,5.1253205881138175,0.0,2,treatment
Fundamental,7.708016487972422,0.0,2,treatment
Quantitative,3.3097779142190555,0.0,2,treatment
Fundamental,4.952304296893519,0.0,2,treatment
Fundamental,5.144549117341455,0.0,2,treatment
Quantitative,6.033940547267275,0.0,2,treatment
Quantitative,7.66921358052732,0.0,2,treatment
Fundamental,9.690686755915038,0.0,2,treatment
Fundamental,7.397466568585788,0.0,2,treatment
Fundamental,-4.490068042423664,0.0,2,treatment
Quantitative,1.853767536213831,0.0,2,treatment
Fundamental,1.7795385087162892,0.0,2,treatment
Quantitative,3.4420376501803496,0.0,2,treatment
Quantitative,1.6084026448017914,0.0,2,treatment
Quantitative,8.418353756746441,0.0,2,treatment
Fundamental,10.259960355420468,0.0,2,treatment
Quantitative,4.397199352475269,0.0,2,treatment
Quantitative,6.216791943079999,0.0,2,treatment
Quantitative,8.761251368909491,0.0,2,treatment
Fundamental,2.8323732014219614,0.0,2,treatment
Fundamental,5.601818505527338,0.0,2,treatment
Fundamental,6.2807275832676,0.0,2,treatment
Quantitative,9.423548153282889,0.0,2,treatment
Quantitative,4.6371643384485175,0.0,2,treatment
Quantitative,6.444101519801213,0.0,2,treatment
Fundamental,8.164496712984374,0.0,2,treatment
Fundamental,0.0005922367790658,0.0,2,treatment
Fundamental,5.603017114717275,0.0,2,treatment
Fundamental,4.613903778898558,0.0,2,treatment
Quantitative,3.866638992823893,0.0,2,treatment
Quantitative,8.691474958797313,0.0,2,treatment
Quantitative,6.429900105621994,0.0,2,treatment
Quantitative,3.2730439342191344,0.0,2,treatment
Quantitative,5.821875727019826,0.0,2,treatment
Quantitative,7.829361595890051,0.0,2,treatment
Fundamental,7.038403950551386,0.0,2,treatment
Quantitative,9.04686943427462,0.0,2,treatment
Quantitative,5.579252643744653,0.0,2,treatment
Quantitative,6.014893440405794,0.0,2,treatment
Fundamental,-3.869140952682736,0.0,2,treatment
Quantitative,5.862827138273213,0.0,2,treatment
Fundamental,0.1059578165071188,0.0,2,treatment
Quantitative,10.17510079755597,0.0,2,treatment
Fundamental,4.11470772640198,0.0,2,treatment
Fundamental,-0.5772264435952881,0.0,2,treatment
Quantitative,8.543280574268008,0.0,2,treatment
Quantitative,1.6562480962254875,0.0,2,treatment
Fundamental,6.219729290807928,0.0,2,treatment
Quantitative,8.17969217019086,0.0,2,treatment
Fundamental,3.41955997117378,0.0,2,treatment
Fundamental,9.180252652000682,0.0,2,treatment
Fundamental,6.381270252823345,0.0,2,treatment
Quantitative,8.242058936199292,0.0,2,treatment
Quantitative,4.955534876404954,0.0,2,treatment
Fundamental,2.1543087367692,0.0,2,treatment
Quantitative,8.154061082729141,0.0,2,treatment
Quantitative,9.356143983410842,0.0,2,treatment
Quantitative,4.73510598619016,0.0,2,treatment
Quantitative,8.587845786083397,0.0,2,treatment
Quantitative,6.220321407794042,0.0,2,treatment
Quantitative,7.878789555449512,0.0,2,treatment
Fundamental,2.3633336737535515,0.0,2,treatment
Fundamental,1.9401262175606264,0.0,2,treatment
Quantitative,5.656683151648643,0.0,2,treatment
Fundamental,6.510624664183964,0.0,2,treatment
Fundamental,-1.8103964723880248,0.0,2,treatment
Fundamental,-1.5461117652560468,0.0,2,treatment
Fundamental,-0.697783592678606,0.0,2,treatment
Fundamental,8.98932273337299,0.0,2,treatment
Fundamental,2.101394359700363,0.0,2,treatment
Fundamental,0.0685691801671541,0.0,2,treatment
Fundamental,-2.959467432015648,0.0,2,treatment
Quantitative,4.333150969334712,0.0,2,treatment
Quantitative,4.15113254046199,0.0,2,treatment
Fundamental,9.919911768357045,0.0,2,treatment
Quantitative,9.749387109310812,0.0,2,treatment
Quantitative,4.009477458153342,0.0,2,treatment
Fundamental,4.570581031023961,0.0,2,treatment
Fundamental,2.245626323718641,0.0,2,treatment
Quantitative,5.063860614231729,0.0,2,treatment
Fundamental,3.304809984459597,0.0,2,treatment
Quantitative,7.665327148346701,0.0,2,treatment
Fundamental,-1.4204552441764449,0.0,2,treatment
Fundamental,6.405568252340555,0.0,2,treatment
Fundamental,5.448685781847232,0.0,2,treatment
Quantitative,-2.9914322855951063,0.0,2,treatment
Fundamental,5.435497069454835,0.0,2,treatment
Fundamental,1.3338162548557158,0.0,2,treatment
Quantitative,9.083912612940884,0.0,2,treatment
Fundamental,-3.922474929183,0.0,2,treatment
Fundamental,1.2027943641040268,0.0,2,treatment
Fundamental,3.728272585283417,0.0,2,treatment
Quantitative,1.348098069310632,0.0,2,treatment
Fundamental,4.9034011245285125,0.0,2,treatment
Fundamental,7.316348151973465,0.0,2,treatment
Quantitative,2.844890793455153,0.0,2,treatment
Fundamental,-0.5338898380831081,0.0,2,treatment
Fundamental,4.578691025716049,0.0,2,treatment
Fundamental,1.7011388678101529,0.0,2,treatment
Fundamental,-7.355185863159246,0.0,2,treatment
Fundamental,-4.946003991528109,0.0,2,treatment
Fundamental,7.912268562817027,0.0,2,treatment
Quantitative,6.608018315488095,0.0,2,treatment
Quantitative,2.527193659210794,0.0,2,treatment
Fundamental,3.382484106235644,0.0,2,treatment
Fundamental,10.379118750250996,0.0,2,treatment
Quantitative,-1.0612275438673464,0.0,2,treatment
Fundamental,4.408938808641957,0.0,2,treatment
Fundamental,2.959757805998904,0.0,2,treatment
Fundamental,-1.9594272377383248,0.0,2,treatment
Fundamental,5.117915206331436,0.0,2,treatment
Fundamental,5.119785608342878,0.0,2,treatment
Quantitative,2.041527324966512,0.0,2,treatment
Fundamental,3.7446835666910263,0.0,2,treatment
Quantitative,3.867172931745065,0.0,2,treatment
Quantitative,-2.2658780120507487,0.0,2,treatment
Fundamental,2.088502499297343,0.0,2,treatment
Fundamental,1.426954880228962,0.0,2,treatment
Quantitative,6.57148160103417,0.0,2,treatment
Fundamental,10.519262210112949,0.0,2,treatment
Fundamental,9.635312018584642,0.0,2,treatment
Fundamental,5.274046160658334,0.0,2,treatment
Fundamental,2.766778117196429,0.0,2,treatment
Quantitative,6.365608563971642,0.0,2,treatment
Fundamental,7.337107920809356,0.0,2,treatment
Quantitative,0.6202408869194382,0.0,2,treatment
Quantitative,1.5611644011626673,0.0,2,treatment
Quantitative,8.829486137859256,0.0,2,treatment
Fundamental,10.148908193936649,0.0,2,treatment
Quantitative,2.837550067589098,0.0,2,treatment
Fundamental,-2.2500865746289147,0.0,2,treatment
Quantitative,5.676827566794972,0.0,2,treatment
Quantitative,5.807004492625548,0.0,2,treatment
Fundamental,9.02310636038284,0.0,2,treatment
Quantitative,8.907080143871747,0.0,2,treatment
Fundamental,7.245813905111475,0.0,2,treatment
Quantitative,6.169998779404134,0.0,2,treatment
Fundamental,8.899411154464303,0.0,2,treatment
Quantitative,8.900013586115204,0.0,2,treatment
Fundamental,7.567389740354139,0.0,2,treatment
Fundamental,3.493552883522307,0.0,2,treatment
Quantitative,7.323134544441059,0.0,2,treatment
Fundamental,-0.8136373063155675,0.0,2,treatment
Fundamental,9.915944879320952,0.0,2,treatment
Fundamental,8.751618117648608,0.0,2,treatment
Quantitative,0.4314742430389922,0.0,2,treatment
Quantitative,8.07890023047888,0.0,2,treatment
Fundamental,9.14278279492795,0.0,2,treatment
Fundamental,8.536421003822264,0.0,2,treatment
Fundamental,2.9186723104566026,0.0,2,treatment
Fundamental,9.733257149448011,0.0,2,treatment
Quantitative,5.723095619298839,0.0,2,treatment
Quantitative,7.919561995999865,0.0,2,treatment
Fundamental,5.9310627566713245,0.0,2,treatment
Fundamental,3.3739589670756223,0.0,2,treatment
Fundamental,9.97975483244794,0.0,2,treatment
Quantitative,8.259086575938872,0.0,2,treatment
Quantitative,6.272455351867969,0.0,2,treatment
Fundamental,0.709609583197711,0.0,2,treatment
Fundamental,7.881123893000542,0.0,2,treatment
Quantitative,8.086720498134591,0.0,2,treatment
Fundamental,10.12558805923256,0.0,2,treatment
Fundamental,6.928518324056883,0.0,2,treatment
Fundamental,8.131516731907208,0.0,2,treatment
Fundamental,5.2578650941897465,0.0,2,treatment
Quantitative,9.202100130981052,0.0,2,control
Quantitative,9.971969154902498,0.0,2,control
Quantitative,10.538712469056026,0.0,2,control
Quantitative,3.7624937463734014,0.0,2,control
Quantitative,-0.7412628775857737,0.0,2,control
Quantitative,5.285914836783314,0.0,2,control
Quantitative,0.2230082051349251,0.0,2,control
Quantitative,5.990648016828326,0.0,2,control
Quantitative,9.574049703686065,0.0,2,control
Quantitative,7.673180155389317,0.0,2,control
Quantitative,10.519784356471597,0.0,2,control
Quantitative,8.95601170109316,0.0,2,control
Quantitative,6.384895677537729,0.0,2,control
Quantitative,6.159611321339969,0.0,2,control
Quantitative,8.79278402540432,0.0,2,control
Quantitative,3.653550274939355,0.0,2,control
Quantitative,3.857240411368821,0.0,2,control
Quantitative,5.214079608242871,0.0,2,control
Quantitative,-0.3426752083174023,0.0,2,control
Quantitative,7.432978309498575,0.0,2,control
Quantitative,8.968260084396608,0.0,2,control
Quantitative,2.80383749645683,0.0,2,control
Quantitative,7.037806972795004,0.0,2,control
Quantitative,1.269970526860016,0.0,2,control
Quantitative,8.406973436451333,0.0,2,control
Quantitative,4.840172164851844,0.0,2,control
Quantitative,4.350356005287547,0.0,2,control
Quantitative,6.335419605948433,0.0,2,control
Quantitative,7.040154641393502,0.0,2,control
Quantitative,8.663874746836369,0.0,2,control
Quantitative,7.013369875660223,0.0,2,control
Quantitative,5.521895902355308,0.0,2,control
Quantitative,3.5682176810373925,0.0,2,control
Quantitative,2.291461810869187,0.0,2,control
Quantitative,3.505954273552918,0.0,2,control
Quantitative,3.842373781385519,0.0,2,control
Quantitative,10.359971934227064,0.0,2,control
Quantitative,9.154200774311484,0.0,2,control
Quantitative,8.531162634840044,0.0,2,control
Quantitative,7.534129466299309,0.0,2,control
Quantitative,4.471831389065727,0.0,2,control
Quantitative,10.426769968256242,0.0,2,control
Quantitative,4.28461493071393,0.0,2,control
Quantitative,8.06418301306044,0.0,2,control
Quantitative,8.933570766709064,0.0,2,control
Quantitative,-0.273180585163578,0.0,2,control
Quantitative,6.273862312572229,0.0,2,control
Quantitative,7.71469141218962,0.0,2,control
Quantitative,-4.995558916153584,0.0,2,control
Quantitative,8.736711600809526,0.0,2,control
Quantitative,-2.2379807008319794,0.0,2,control
Quantitative,5.838238325053832,0.0,2,control
Quantitative,4.998639404250067,0.0,2,control
Quantitative,-1.547212793127425,0.0,2,control
Quantitative,10.146973398330514,0.0,2,control
Quantitative,9.463663333527172,0.0,2,control
Quantitative,3.913067881663,0.0,2,control
Quantitative,6.54309153275424,0.0,2,control
Quantitative,3.0102517616723503,0.0,2,control
Quantitative,6.615151569216906,0.0,2,control
Quantitative,8.349644172599547,0.0,2,control
Quantitative,8.287114158726498,0.0,2,control
Quantitative,-3.016722943631274,0.0,2,control
Quantitative,-1.3945334507675875,0.0,2,control
Quantitative,3.537948311810503,0.0,2,control
Quantitative,6.165751486824535,0.0,2,control
Quantitative,3.0759053297777417,0.0,2,control
Quantitative,10.462833302321712,0.0,2,control
Quantitative,9.391826935958886,0.0,2,control
Quantitative,2.2206740971220755,0.0,2,control
Quantitative,4.308289557083424,0.0,2,control
Quantitative,0.6100071680671819,0.0,2,control
Quantitative,4.336225139946943,0.0,2,control
Quantitative,7.320010031103356,0.0,2,control
Quantitative,0.0464013685579498,0.0,2,control
Quantitative,3.920472549347519,0.0,2,control
Quantitative,5.092455676905271,0.0,2,control
Quantitative,0.3437390206077744,0.0,2,control
Quantitative,5.646053685195916,0.0,2,control
Quantitative,4.145808175487445,0.0,2,control
Quantitative,8.23961340258374,0.0,2,control
Quantitative,3.624094022247287,0.0,2,control
Quantitative,9.824379748395565,0.0,2,control
Quantitative,8.765216314036644,0.0,2,control
Quantitative,-1.2892445763181757,0.0,2,control
Quantitative,3.26263111497265,0.0,2,control
Quantitative,8.056559861813277,0.0,2,control
Quantitative,0.7403529626399203,0.0,2,control
Quantitative,9.338620715926131,0.0,2,control
Quantitative,8.163722375020164,0.0,2,control
Quantitative,10.18048919140906,0.0,2,control
Quantitative,2.775737413044784,0.0,2,control
Quantitative,4.940550819838917,0.0,2,control
Quantitative,8.068748835634496,0.0,2,control
Quantitative,6.463092369015115,0.0,2,control
Quantitative,5.717065807202115,0.0,2,control
Quantitative,9.230921223207757,0.0,2,control
Quantitative,8.130784606459363,0.0,2,control
Quantitative,5.304310980599043,0.0,2,control
Quantitative,4.375110947456584,0.0,2,control
Quantitative,8.272960113921988,0.0,2,control
Quantitative,6.9695117470415004,0.0,2,control
Quantitative,2.644639390048347,0.0,2,control
Quantitative,2.1053991695707994,0.0,2,control
Quantitative,1.9725310683223916,0.0,2,control
Quantitative,2.3038215860334432,0.0,2,control
Quantitative,2.3558994326609524,0.0,2,control
Quantitative,6.677698481101039,0.0,2,control
Quantitative,3.1526738105434173,0.0,2,control
Quantitative,7.799748757881752,0.0,2,control
Quantitative,4.755568602542617,0.0,2,control
Quantitative,7.800670585516161,0.0,2,control
Quantitative,8.917815274183111,0.0,2,control
Quantitative,6.667789466811982,0.0,2,control
Quantitative,6.710250043053325,0.0,2,control
Quantitative,4.824690895918864,0.0,2,control
Quantitative,9.915321113678822,0.0,2,control
Quantitative,5.436328654410489,0.0,2,control
Quantitative,7.189285781336972,0.0,2,control
Quantitative,8.884100997035215,0.0,2,control
Quantitative,5.799709543869896,0.0,2,control
Quantitative,6.5703574117647,0.0,2,control
Quantitative,9.999137339783989,0.0,2,control
Quantitative,8.883840390740897,0.0,2,control
Quantitative,9.125937315313244,0.0,2,control
Quantitative,8.23260959006038,0.0,2,control
Quantitative,2.6625623136222245,0.0,2,control
Quantitative,3.847174892574225,0.0,2,control
Quantitative,2.3219701508462425,0.0,2,control
Quantitative,0.618733764360714,0.0,2,control
Quantitative,8.901820314889157,0.0,2,control
Quantitative,10.331278268492945,0.0,2,control
Quantitative,6.787882210024217,0.0,2,control
Quantitative,8.60454321233768,0.0,2,control
Quantitative,9.98932618430016,0.0,2,control
Quantitative,9.430121828427698,0.0,2,control
Quantitative,9.334678514368193,0.0,2,control
Fundamental,5.7062559988834325,0.0,2,control
Fundamental,-2.701216750413616,0.0,2,control
Fundamental,8.722497109714926,0.0,2,control
Fundamental,7.273313450160909,0.0,2,control
Fundamental,4.546242823178424,0.0,2,control
Fundamental,6.541272808711757,0.0,2,control
Fundamental,-2.70486888187153,0.0,2,control
Fundamental,3.927125187492892,0.0,2,control
Fundamental,9.52407171022296,0.0,2,control
Fundamental,7.648640330229727,0.0,2,control
Fundamental,2.533165565982064,0.0,2,control
Fundamental,10.245602694142788,0.0,2,control
Fundamental,8.246813127335322,0.0,2,control
Fundamental,6.784683804244801,0.0,2,control
Fundamental,6.681838848616351,0.0,2,control
Fundamental,4.780349841957881,0.0,2,control
Fundamental,0.439340914941388,0.0,2,control
Fundamental,6.477603287293537,0.0,2,control
Fundamental,9.113882299485237,0.0,2,control
Fundamental,6.135207981932029,0.0,2,control
Fundamental,1.9796996788423835,0.0,2,control
Fundamental,0.4354244565351051,0.0,2,control
Fundamental,7.039659523058322,0.0,2,control
Fundamental,8.564621181144034,0.0,2,control
Fundamental,5.190195381923107,0.0,2,control
Fundamental,6.784764803604989,0.0,2,control
Fundamental,-1.3110687043318876,0.0,2,control
Fundamental,7.051458642216142,0.0,2,control
Fundamental,1.794818278412258,0.0,2,control
Fundamental,0.0609564374505602,0.0,2,control
Fundamental,6.553703451106978,0.0,2,control
Fundamental,10.526659288560705,0.0,2,control
Fundamental,6.938061164576371,0.0,2,control
Fundamental,1.130641993795618,0.0,2,control
Fundamental,8.852900328127564,0.0,2,control
Fundamental,3.565896907037171,0.0,2,control
Fundamental,3.7375025815502743,0.0,2,control
Fundamental,5.585494442668599,0.0,2,control
Fundamental,-2.173653660037729,0.0,2,control
Fundamental,9.81721238566012,0.0,2,control
Fundamental,7.234654433993739,0.0,2,control
Fundamental,4.146212003089914,0.0,2,control
Fundamental,-1.5137069377901948,0.0,2,control
Fundamental,6.018253193360781,0.0,2,control
Fundamental,3.7642388758343,0.0,2,control
Fundamental,10.493091238674705,0.0,2,control
Fundamental,8.122467865208893,0.0,2,control
Fundamental,9.00203179150359,0.0,2,control
Fundamental,3.517889587435849,0.0,2,control
Fundamental,5.613132320379927,0.0,2,control
Fundamental,8.178808098328044,0.0,2,control
Fundamental,10.303721313620464,0.0,2,control
Fundamental,2.732539760106036,0.0,2,control
Fundamental,2.053558620642585,0.0,2,control
Fundamental,0.4379407095587559,0.0,2,control
Fundamental,7.135558491172748,0.0,2,control
Fundamental,4.960892165084383,0.0,2,control
Fundamental,7.145608290839617,0.0,2,control
Fundamental,7.543427900073942,0.0,2,control
Fundamental,0.9197356479774568,0.0,2,control
Fundamental,9.897190951399049,0.0,2,control
Fundamental,0.7793464995376409,0.0,2,control
Fundamental,-0.9183920595709124,0.0,2,control
Fundamental,3.896059860414403,0.0,2,control
Fundamental,6.509823049600372,0.0,2,control
Fundamental,7.060297297520819,0.0,2,control
Fundamental,-0.0677736297399889,0.0,2,control
Fundamental,-0.0988610177439826,0.0,2,control
Fundamental,-7.414639949716744,0.0,2,control
Fundamental,3.7474253347458815,0.0,2,control
Fundamental,-0.0346529415242802,0.0,2,control
Fundamental,7.901704470024491,0.0,2,control
Fundamental,3.740681374120826,0.0,2,control
Fundamental,7.930345738221961,0.0,2,control
Fundamental,-0.7761635623462002,0.0,2,control
Fundamental,4.267801639780812,0.0,2,control
Fundamental,7.588891451745975,0.0,2,control
Fundamental,5.083818753697321,0.0,2,control
Fundamental,2.041898579179303,0.0,2,control
Fundamental,3.109987595578203,0.0,2,control
Fundamental,0.6959742739312125,0.0,2,control
Fundamental,9.193253734723694,0.0,2,control
Fundamental,5.323757744159295,0.0,2,control
Fundamental,7.156914702337962,0.0,2,control
Fundamental,8.818657949324974,0.0,2,control
Fundamental,10.437390489103938,0.0,2,control
Fundamental,8.491941330191635,0.0,2,control
Fundamental,-6.437858862523992,0.0,2,control
Fundamental,1.0354627573426134,0.0,2,control
Fundamental,1.629381777503343,0.0,2,control
Fundamental,5.527792282065433,0.0,2,control
Fundamental,7.067730399339401,0.0,2,control
Fundamental,0.372985606817612,0.0,2,control
Fundamental,5.856220300769221,0.0,2,control
Fundamental,5.572617587020616,0.0,2,control
Fundamental,8.928620949341209,0.0,2,control
Fundamental,-3.5338787499844777,0.0,2,control
Fundamental,3.3110913516703047,0.0,2,control
Fundamental,7.498238350212,0.0,2,control
Fundamental,0.2998872015595939,0.0,2,control
Fundamental,0.9784407998880208,0.0,2,control
Fundamental,-0.0931363108363703,0.0,2,control
Fundamental,3.209069390837187,0.0,2,control
Fundamental,5.04779169595057,0.0,2,control
Fundamental,2.97777822561156,0.0,2,control
Fundamental,4.510261179128676,0.0,2,control
Fundamental,2.147726575940649,0.0,2,control
Fundamental,8.956658188944694,0.0,2,control
Fundamental,8.965255691187743,0.0,2,control
Fundamental,-5.17701189307741,0.0,2,control
Fundamental,-2.037293266075171,0.0,2,control
Fundamental,5.214486562336379,0.0,2,control
Fundamental,2.038456272040816,0.0,2,control
Fundamental,3.1018493592187992,0.0,2,control
Fundamental,-0.3938549561304842,0.0,2,control
Fundamental,4.462663660618853,0.0,2,control
Fundamental,5.456917650157762,0.0,2,control
Fundamental,8.066263906815948,0.0,2,control
Fundamental,8.570009713707769,0.0,2,control
Fundamental,0.0540637448097918,0.0,2,control
Fundamental,-2.4472269362537418,0.0,2,control
Fundamental,4.369172604332909,0.0,2,control
Fundamental,4.330846907241192,0.0,2,control
Fundamental,5.453736651856882,0.0,2,control
Fundamental,6.33275051851483,0.0,2,control
Fundamental,3.337808628002877,0.0,2,control
Fundamental,-0.7307212749453615,0.0,2,control
Fundamental,6.53345056295557,0.0,2,control
Fundamental,10.152394272448449,0.0,2,control
Fundamental,7.133926316607258,0.0,2,control
Fundamental,9.157262096305484,0.0,2,control
Fundamental,9.73055497391382,0.0,2,control
Fundamental,4.916806512329647,0.0,2,control
Fundamental,9.027405619125153,0.0,2,control
Fundamental,1.2999126193865989,0.0,2,control
Fundamental,-4.810678193854413,0.0,2,control
Fundamental,5.190391812966111,0.0,2,control
Fundamental,6.7796919511193225,0.0,2,control
Fundamental,0.4087329405436026,0.0,2,control
Fundamental,4.919238300917353,0.0,2,control
Fundamental,5.828969242532812,0.0,2,control
Fundamental,6.667026381718489,0.0,2,control
Fundamental,3.344923579680194,0.0,2,control
Fundamental,-0.4213538201390294,0.0,2,control
Fundamental,6.724232002594223,0.0,2,control
Fundamental,0.890276924055251,0.0,2,control
Fundamental,7.191077831571234,0.0,2,control
Fundamental,6.733021243702161,0.0,2,control
Fundamental,7.360916361792928,0.0,2,control
Fundamental,5.441446850275964,0.0,2,control
Fundamental,0.6191709991770349,0.0,2,control
Fundamental,3.944722659156613,0.0,2,control
Fundamental,8.059376758253602,0.0,2,control
Fundamental,3.614901113195591,0.0,2,control
Fundamental,2.254190188054188,0.0,2,control
Fundamental,-4.2980883448154295,0.0,2,control
Fundamental,4.635512906347581,0.0,2,control
Fundamental,4.825540348046731,0.0,2,control
Fundamental,-5.108639830098486,0.0,2,control
Fundamental,7.851313187830765,0.0,2,control
Fundamental,6.158168121412742,0.0,2,control
Fundamental,7.682880286645353,0.0,2,control
Fundamental,6.527200582580134,0.0,2,control
Fundamental,8.905169498508684,0.0,2,control
Fundamental,3.881318153290546,0.0,2,control
Fundamental,0.5548394090005591,0.0,2,control
Fundamental,5.024263304704039,0.0,2,control
Fundamental,5.112190237233506,0.0,2,control
Fundamental,-1.2495381289684886,0.0,2,control
Fundamental,8.897282208771019,0.0,2,control
Fundamental,8.044148411168544,0.0,2,control
Fundamental,1.4191434268867449,0.0,2,control
Fundamental,-3.37776779920268,0.0,2,control
Fundamental,9.038153442307372,0.0,2,control
Fundamental,-1.7806678809945096,0.0,2,control
Fundamental,1.0510509879779857,0.0,2,control
Fundamental,8.275463801991672,0.0,2,control
Fundamental,2.923038999626016,0.0,2,control
